{
  "Speed limit (20km/h)": {
    "precision": 1.0,
    "recall": 0.96875,
    "f1-score": 0.9841269841269841,
    "support": 32.0
  },
  "Speed limit (30km/h)": {
    "precision": 0.989100817438692,
    "recall": 0.9945205479452055,
    "f1-score": 0.9918032786885246,
    "support": 365.0
  },
  "Speed limit (50km/h)": {
    "precision": 0.9941860465116279,
    "recall": 0.991304347826087,
    "f1-score": 0.9927431059506531,
    "support": 345.0
  },
  "Speed limit (60km/h)": {
    "precision": 0.9955357142857143,
    "recall": 0.9955357142857143,
    "f1-score": 0.9955357142857143,
    "support": 224.0
  },
  "Speed limit (70km/h)": {
    "precision": 0.9791666666666666,
    "recall": 1.0,
    "f1-score": 0.9894736842105263,
    "support": 282.0
  },
  "Speed limit (80km/h)": {
    "precision": 0.9895833333333334,
    "recall": 0.9930313588850174,
    "f1-score": 0.991304347826087,
    "support": 287.0
  },
  "End of speed limit (80km/h)": {
    "precision": 1.0,
    "recall": 0.9852941176470589,
    "f1-score": 0.9925925925925926,
    "support": 68.0
  },
  "Speed limit (100km/h)": {
    "precision": 1.0,
    "recall": 0.974025974025974,
    "f1-score": 0.9868421052631579,
    "support": 231.0
  },
  "Speed limit (120km/h)": {
    "precision": 0.9819004524886877,
    "recall": 0.9819004524886877,
    "f1-score": 0.9819004524886877,
    "support": 221.0
  },
  "No passing": {
    "precision": 1.0,
    "recall": 1.0,
    "f1-score": 1.0,
    "support": 217.0
  },
  "No passing for vehicles over 3.5t": {
    "precision": 1.0,
    "recall": 0.9965986394557823,
    "f1-score": 0.9982964224872232,
    "support": 294.0
  },
  "Right-of-way at next intersection": {
    "precision": 1.0,
    "recall": 0.9806763285024155,
    "f1-score": 0.9902439024390244,
    "support": 207.0
  },
  "Priority road": {
    "precision": 0.996742671009772,
    "recall": 1.0,
    "f1-score": 0.99836867862969,
    "support": 306.0
  },
  "Yield": {
    "precision": 0.9967532467532467,
    "recall": 1.0,
    "f1-score": 0.9983739837398374,
    "support": 307.0
  },
  "Stop": {
    "precision": 1.0,
    "recall": 1.0,
    "f1-score": 1.0,
    "support": 90.0
  },
  "No vehicles": {
    "precision": 1.0,
    "recall": 1.0,
    "f1-score": 1.0,
    "support": 99.0
  },
  "Vehicles over 3.5t prohibited": {
    "precision": 1.0,
    "recall": 1.0,
    "f1-score": 1.0,
    "support": 63.0
  },
  "No entry": {
    "precision": 1.0,
    "recall": 1.0,
    "f1-score": 1.0,
    "support": 159.0
  },
  "General caution": {
    "precision": 1.0,
    "recall": 1.0,
    "f1-score": 1.0,
    "support": 176.0
  },
  "Dangerous curve left": {
    "precision": 1.0,
    "recall": 1.0,
    "f1-score": 1.0,
    "support": 35.0
  },
  "Dangerous curve right": {
    "precision": 0.9821428571428571,
    "recall": 1.0,
    "f1-score": 0.990990990990991,
    "support": 55.0
  },
  "Double curve": {
    "precision": 0.9838709677419355,
    "recall": 0.9838709677419355,
    "f1-score": 0.9838709677419355,
    "support": 62.0
  },
  "Bumpy road": {
    "precision": 1.0,
    "recall": 1.0,
    "f1-score": 1.0,
    "support": 56.0
  },
  "Slippery road": {
    "precision": 0.9861111111111112,
    "recall": 1.0,
    "f1-score": 0.993006993006993,
    "support": 71.0
  },
  "Road narrows on the right": {
    "precision": 1.0,
    "recall": 1.0,
    "f1-score": 1.0,
    "support": 46.0
  },
  "Road work": {
    "precision": 1.0,
    "recall": 1.0,
    "f1-score": 1.0,
    "support": 232.0
  },
  "Traffic signals": {
    "precision": 1.0,
    "recall": 1.0,
    "f1-score": 1.0,
    "support": 76.0
  },
  "Pedestrians": {
    "precision": 1.0,
    "recall": 1.0,
    "f1-score": 1.0,
    "support": 42.0
  },
  "Children crossing": {
    "precision": 1.0,
    "recall": 1.0,
    "f1-score": 1.0,
    "support": 79.0
  },
  "Bicycles crossing": {
    "precision": 1.0,
    "recall": 1.0,
    "f1-score": 1.0,
    "support": 42.0
  },
  "Beware of ice/snow": {
    "precision": 0.9605263157894737,
    "recall": 0.9733333333333334,
    "f1-score": 0.9668874172185431,
    "support": 75.0
  },
  "Wild animals crossing": {
    "precision": 0.9921259842519685,
    "recall": 1.0,
    "f1-score": 0.9960474308300395,
    "support": 126.0
  },
  "End of all speed and passing limits": {
    "precision": 1.0,
    "recall": 0.9736842105263158,
    "f1-score": 0.9866666666666667,
    "support": 38.0
  },
  "Turn right ahead": {
    "precision": 1.0,
    "recall": 1.0,
    "f1-score": 1.0,
    "support": 105.0
  },
  "Turn left ahead": {
    "precision": 1.0,
    "recall": 1.0,
    "f1-score": 1.0,
    "support": 64.0
  },
  "Ahead only": {
    "precision": 1.0,
    "recall": 1.0,
    "f1-score": 1.0,
    "support": 154.0
  },
  "Go straight or right": {
    "precision": 1.0,
    "recall": 1.0,
    "f1-score": 1.0,
    "support": 64.0
  },
  "Go straight or left": {
    "precision": 1.0,
    "recall": 1.0,
    "f1-score": 1.0,
    "support": 31.0
  },
  "Keep right": {
    "precision": 1.0,
    "recall": 1.0,
    "f1-score": 1.0,
    "support": 299.0
  },
  "Keep left": {
    "precision": 1.0,
    "recall": 1.0,
    "f1-score": 1.0,
    "support": 43.0
  },
  "Roundabout mandatory": {
    "precision": 1.0,
    "recall": 1.0,
    "f1-score": 1.0,
    "support": 42.0
  },
  "End of no passing": {
    "precision": 0.9761904761904762,
    "recall": 1.0,
    "f1-score": 0.9879518072289156,
    "support": 41.0
  },
  "End of no passing by vehicles over 3.5t": {
    "precision": 1.0,
    "recall": 0.9666666666666667,
    "f1-score": 0.9830508474576272,
    "support": 30.0
  },
  "accuracy": 0.994898826730148,
  "macro avg": {
    "precision": 0.9954403874585013,
    "recall": 0.9943998292867487,
    "f1-score": 0.9948855435783818,
    "support": 5881.0
  },
  "weighted avg": {
    "precision": 0.9949431743608317,
    "recall": 0.994898826730148,
    "f1-score": 0.9948967968498985,
    "support": 5881.0
  }
}