{
  "Speed limit (20km/h)": {
    "precision": 1.0,
    "recall": 0.9375,
    "f1-score": 0.967741935483871,
    "support": 32.0
  },
  "Speed limit (30km/h)": {
    "precision": 0.989010989010989,
    "recall": 0.9863013698630136,
    "f1-score": 0.9876543209876543,
    "support": 365.0
  },
  "Speed limit (50km/h)": {
    "precision": 0.9884726224783862,
    "recall": 0.9942028985507246,
    "f1-score": 0.9913294797687862,
    "support": 345.0
  },
  "Speed limit (60km/h)": {
    "precision": 1.0,
    "recall": 0.9955357142857143,
    "f1-score": 0.9977628635346756,
    "support": 224.0
  },
  "Speed limit (70km/h)": {
    "precision": 0.9894736842105263,
    "recall": 1.0,
    "f1-score": 0.9947089947089947,
    "support": 282.0
  },
  "Speed limit (80km/h)": {
    "precision": 0.993006993006993,
    "recall": 0.9895470383275261,
    "f1-score": 0.9912739965095986,
    "support": 287.0
  },
  "End of speed limit (80km/h)": {
    "precision": 1.0,
    "recall": 1.0,
    "f1-score": 1.0,
    "support": 68.0
  },
  "Speed limit (100km/h)": {
    "precision": 0.9955947136563876,
    "recall": 0.9783549783549783,
    "f1-score": 0.9868995633187773,
    "support": 231.0
  },
  "Speed limit (120km/h)": {
    "precision": 0.9733333333333334,
    "recall": 0.9909502262443439,
    "f1-score": 0.9820627802690582,
    "support": 221.0
  },
  "No passing": {
    "precision": 1.0,
    "recall": 1.0,
    "f1-score": 1.0,
    "support": 217.0
  },
  "No passing for vehicles over 3.5t": {
    "precision": 1.0,
    "recall": 0.9965986394557823,
    "f1-score": 0.9982964224872232,
    "support": 294.0
  },
  "Right-of-way at next intersection": {
    "precision": 0.9951923076923077,
    "recall": 1.0,
    "f1-score": 0.9975903614457832,
    "support": 207.0
  },
  "Priority road": {
    "precision": 1.0,
    "recall": 1.0,
    "f1-score": 1.0,
    "support": 306.0
  },
  "Yield": {
    "precision": 0.9967532467532467,
    "recall": 1.0,
    "f1-score": 0.9983739837398374,
    "support": 307.0
  },
  "Stop": {
    "precision": 1.0,
    "recall": 1.0,
    "f1-score": 1.0,
    "support": 90.0
  },
  "No vehicles": {
    "precision": 1.0,
    "recall": 1.0,
    "f1-score": 1.0,
    "support": 99.0
  },
  "Vehicles over 3.5t prohibited": {
    "precision": 1.0,
    "recall": 1.0,
    "f1-score": 1.0,
    "support": 63.0
  },
  "No entry": {
    "precision": 1.0,
    "recall": 1.0,
    "f1-score": 1.0,
    "support": 159.0
  },
  "General caution": {
    "precision": 1.0,
    "recall": 0.9829545454545454,
    "f1-score": 0.9914040114613181,
    "support": 176.0
  },
  "Dangerous curve left": {
    "precision": 1.0,
    "recall": 1.0,
    "f1-score": 1.0,
    "support": 35.0
  },
  "Dangerous curve right": {
    "precision": 1.0,
    "recall": 1.0,
    "f1-score": 1.0,
    "support": 55.0
  },
  "Double curve": {
    "precision": 1.0,
    "recall": 1.0,
    "f1-score": 1.0,
    "support": 62.0
  },
  "Bumpy road": {
    "precision": 1.0,
    "recall": 1.0,
    "f1-score": 1.0,
    "support": 56.0
  },
  "Slippery road": {
    "precision": 1.0,
    "recall": 1.0,
    "f1-score": 1.0,
    "support": 71.0
  },
  "Road narrows on the right": {
    "precision": 1.0,
    "recall": 1.0,
    "f1-score": 1.0,
    "support": 46.0
  },
  "Road work": {
    "precision": 1.0,
    "recall": 1.0,
    "f1-score": 1.0,
    "support": 232.0
  },
  "Traffic signals": {
    "precision": 0.9620253164556962,
    "recall": 1.0,
    "f1-score": 0.9806451612903225,
    "support": 76.0
  },
  "Pedestrians": {
    "precision": 1.0,
    "recall": 1.0,
    "f1-score": 1.0,
    "support": 42.0
  },
  "Children crossing": {
    "precision": 1.0,
    "recall": 1.0,
    "f1-score": 1.0,
    "support": 79.0
  },
  "Bicycles crossing": {
    "precision": 1.0,
    "recall": 0.9761904761904762,
    "f1-score": 0.9879518072289156,
    "support": 42.0
  },
  "Beware of ice/snow": {
    "precision": 1.0,
    "recall": 0.9733333333333334,
    "f1-score": 0.9864864864864865,
    "support": 75.0
  },
  "Wild animals crossing": {
    "precision": 0.984375,
    "recall": 1.0,
    "f1-score": 0.9921259842519685,
    "support": 126.0
  },
  "End of all speed and passing limits": {
    "precision": 1.0,
    "recall": 1.0,
    "f1-score": 1.0,
    "support": 38.0
  },
  "Turn right ahead": {
    "precision": 1.0,
    "recall": 1.0,
    "f1-score": 1.0,
    "support": 105.0
  },
  "Turn left ahead": {
    "precision": 1.0,
    "recall": 1.0,
    "f1-score": 1.0,
    "support": 64.0
  },
  "Ahead only": {
    "precision": 1.0,
    "recall": 1.0,
    "f1-score": 1.0,
    "support": 154.0
  },
  "Go straight or right": {
    "precision": 1.0,
    "recall": 1.0,
    "f1-score": 1.0,
    "support": 64.0
  },
  "Go straight or left": {
    "precision": 1.0,
    "recall": 1.0,
    "f1-score": 1.0,
    "support": 31.0
  },
  "Keep right": {
    "precision": 1.0,
    "recall": 1.0,
    "f1-score": 1.0,
    "support": 299.0
  },
  "Keep left": {
    "precision": 1.0,
    "recall": 1.0,
    "f1-score": 1.0,
    "support": 43.0
  },
  "Roundabout mandatory": {
    "precision": 1.0,
    "recall": 1.0,
    "f1-score": 1.0,
    "support": 42.0
  },
  "End of no passing": {
    "precision": 0.9761904761904762,
    "recall": 1.0,
    "f1-score": 0.9879518072289156,
    "support": 41.0
  },
  "End of no passing by vehicles over 3.5t": {
    "precision": 1.0,
    "recall": 0.9666666666666667,
    "f1-score": 0.9830508474576272,
    "support": 30.0
  },
  "accuracy": 0.995238904948138,
  "macro avg": {
    "precision": 0.9963588065764731,
    "recall": 0.994607811319235,
    "f1-score": 0.9954258327362747,
    "support": 5881.0
  },
  "weighted avg": {
    "precision": 0.9952903817761807,
    "recall": 0.995238904948138,
    "f1-score": 0.9952364493045635,
    "support": 5881.0
  }
}