{
  "Speed limit (20km/h)": {
    "precision": 1.0,
    "recall": 1.0,
    "f1-score": 1.0,
    "support": 32.0
  },
  "Speed limit (30km/h)": {
    "precision": 0.9972677595628415,
    "recall": 1.0,
    "f1-score": 0.9986320109439124,
    "support": 365.0
  },
  "Speed limit (50km/h)": {
    "precision": 1.0,
    "recall": 0.9971014492753624,
    "f1-score": 0.9985486211901307,
    "support": 345.0
  },
  "Speed limit (60km/h)": {
    "precision": 1.0,
    "recall": 1.0,
    "f1-score": 1.0,
    "support": 224.0
  },
  "Speed limit (70km/h)": {
    "precision": 0.9929577464788732,
    "recall": 1.0,
    "f1-score": 0.9964664310954063,
    "support": 282.0
  },
  "Speed limit (80km/h)": {
    "precision": 1.0,
    "recall": 0.9930313588850174,
    "f1-score": 0.9965034965034965,
    "support": 287.0
  },
  "End of speed limit (80km/h)": {
    "precision": 1.0,
    "recall": 1.0,
    "f1-score": 1.0,
    "support": 68.0
  },
  "Speed limit (100km/h)": {
    "precision": 0.9956896551724138,
    "recall": 1.0,
    "f1-score": 0.9978401727861771,
    "support": 231.0
  },
  "Speed limit (120km/h)": {
    "precision": 0.9954545454545455,
    "recall": 0.9909502262443439,
    "f1-score": 0.9931972789115646,
    "support": 221.0
  },
  "No passing": {
    "precision": 1.0,
    "recall": 1.0,
    "f1-score": 1.0,
    "support": 217.0
  },
  "No passing for vehicles over 3.5t": {
    "precision": 1.0,
    "recall": 0.9965986394557823,
    "f1-score": 0.9982964224872232,
    "support": 294.0
  },
  "Right-of-way at next intersection": {
    "precision": 1.0,
    "recall": 0.9951690821256038,
    "f1-score": 0.9975786924939467,
    "support": 207.0
  },
  "Priority road": {
    "precision": 1.0,
    "recall": 1.0,
    "f1-score": 1.0,
    "support": 306.0
  },
  "Yield": {
    "precision": 0.9967532467532467,
    "recall": 1.0,
    "f1-score": 0.9983739837398374,
    "support": 307.0
  },
  "Stop": {
    "precision": 1.0,
    "recall": 1.0,
    "f1-score": 1.0,
    "support": 90.0
  },
  "No vehicles": {
    "precision": 1.0,
    "recall": 1.0,
    "f1-score": 1.0,
    "support": 99.0
  },
  "Vehicles over 3.5t prohibited": {
    "precision": 1.0,
    "recall": 1.0,
    "f1-score": 1.0,
    "support": 63.0
  },
  "No entry": {
    "precision": 1.0,
    "recall": 1.0,
    "f1-score": 1.0,
    "support": 159.0
  },
  "General caution": {
    "precision": 0.9943502824858758,
    "recall": 1.0,
    "f1-score": 0.9971671388101983,
    "support": 176.0
  },
  "Dangerous curve left": {
    "precision": 1.0,
    "recall": 1.0,
    "f1-score": 1.0,
    "support": 35.0
  },
  "Dangerous curve right": {
    "precision": 1.0,
    "recall": 1.0,
    "f1-score": 1.0,
    "support": 55.0
  },
  "Double curve": {
    "precision": 0.9838709677419355,
    "recall": 0.9838709677419355,
    "f1-score": 0.9838709677419355,
    "support": 62.0
  },
  "Bumpy road": {
    "precision": 1.0,
    "recall": 1.0,
    "f1-score": 1.0,
    "support": 56.0
  },
  "Slippery road": {
    "precision": 1.0,
    "recall": 1.0,
    "f1-score": 1.0,
    "support": 71.0
  },
  "Road narrows on the right": {
    "precision": 1.0,
    "recall": 1.0,
    "f1-score": 1.0,
    "support": 46.0
  },
  "Road work": {
    "precision": 0.9957081545064378,
    "recall": 1.0,
    "f1-score": 0.9978494623655914,
    "support": 232.0
  },
  "Traffic signals": {
    "precision": 1.0,
    "recall": 1.0,
    "f1-score": 1.0,
    "support": 76.0
  },
  "Pedestrians": {
    "precision": 1.0,
    "recall": 0.9761904761904762,
    "f1-score": 0.9879518072289156,
    "support": 42.0
  },
  "Children crossing": {
    "precision": 1.0,
    "recall": 1.0,
    "f1-score": 1.0,
    "support": 79.0
  },
  "Bicycles crossing": {
    "precision": 1.0,
    "recall": 0.9761904761904762,
    "f1-score": 0.9879518072289156,
    "support": 42.0
  },
  "Beware of ice/snow": {
    "precision": 1.0,
    "recall": 0.9866666666666667,
    "f1-score": 0.9932885906040269,
    "support": 75.0
  },
  "Wild animals crossing": {
    "precision": 0.984375,
    "recall": 1.0,
    "f1-score": 0.9921259842519685,
    "support": 126.0
  },
  "End of all speed and passing limits": {
    "precision": 1.0,
    "recall": 1.0,
    "f1-score": 1.0,
    "support": 38.0
  },
  "Turn right ahead": {
    "precision": 1.0,
    "recall": 1.0,
    "f1-score": 1.0,
    "support": 105.0
  },
  "Turn left ahead": {
    "precision": 1.0,
    "recall": 1.0,
    "f1-score": 1.0,
    "support": 64.0
  },
  "Ahead only": {
    "precision": 1.0,
    "recall": 1.0,
    "f1-score": 1.0,
    "support": 154.0
  },
  "Go straight or right": {
    "precision": 1.0,
    "recall": 1.0,
    "f1-score": 1.0,
    "support": 64.0
  },
  "Go straight or left": {
    "precision": 1.0,
    "recall": 1.0,
    "f1-score": 1.0,
    "support": 31.0
  },
  "Keep right": {
    "precision": 1.0,
    "recall": 1.0,
    "f1-score": 1.0,
    "support": 299.0
  },
  "Keep left": {
    "precision": 1.0,
    "recall": 1.0,
    "f1-score": 1.0,
    "support": 43.0
  },
  "Roundabout mandatory": {
    "precision": 1.0,
    "recall": 1.0,
    "f1-score": 1.0,
    "support": 42.0
  },
  "End of no passing": {
    "precision": 1.0,
    "recall": 1.0,
    "f1-score": 1.0,
    "support": 41.0
  },
  "End of no passing by vehicles over 3.5t": {
    "precision": 1.0,
    "recall": 1.0,
    "f1-score": 1.0,
    "support": 30.0
  },
  "accuracy": 0.9981295698010543,
  "macro avg": {
    "precision": 0.998521566468748,
    "recall": 0.9975760312273411,
    "f1-score": 0.9980382062414708,
    "support": 5881.0
  },
  "weighted avg": {
    "precision": 0.9981399455796659,
    "recall": 0.9981295698010543,
    "f1-score": 0.9981281051363552,
    "support": 5881.0
  }
}