{
  "Speed limit (20km/h)": {
    "precision": 1.0,
    "recall": 1.0,
    "f1-score": 1.0,
    "support": 32.0
  },
  "Speed limit (30km/h)": {
    "precision": 0.994535519125683,
    "recall": 0.9972602739726028,
    "f1-score": 0.9958960328317373,
    "support": 365.0
  },
  "Speed limit (50km/h)": {
    "precision": 0.9884726224783862,
    "recall": 0.9942028985507246,
    "f1-score": 0.9913294797687862,
    "support": 345.0
  },
  "Speed limit (60km/h)": {
    "precision": 0.9955357142857143,
    "recall": 0.9955357142857143,
    "f1-score": 0.9955357142857143,
    "support": 224.0
  },
  "Speed limit (70km/h)": {
    "precision": 0.9929577464788732,
    "recall": 1.0,
    "f1-score": 0.9964664310954063,
    "support": 282.0
  },
  "Speed limit (80km/h)": {
    "precision": 0.993006993006993,
    "recall": 0.9895470383275261,
    "f1-score": 0.9912739965095986,
    "support": 287.0
  },
  "End of speed limit (80km/h)": {
    "precision": 1.0,
    "recall": 1.0,
    "f1-score": 1.0,
    "support": 68.0
  },
  "Speed limit (100km/h)": {
    "precision": 0.9914163090128756,
    "recall": 1.0,
    "f1-score": 0.9956896551724138,
    "support": 231.0
  },
  "Speed limit (120km/h)": {
    "precision": 1.0,
    "recall": 0.9819004524886877,
    "f1-score": 0.9908675799086758,
    "support": 221.0
  },
  "No passing": {
    "precision": 0.9954128440366973,
    "recall": 1.0,
    "f1-score": 0.9977011494252873,
    "support": 217.0
  },
  "No passing for vehicles over 3.5t": {
    "precision": 1.0,
    "recall": 1.0,
    "f1-score": 1.0,
    "support": 294.0
  },
  "Right-of-way at next intersection": {
    "precision": 1.0,
    "recall": 0.9710144927536232,
    "f1-score": 0.9852941176470589,
    "support": 207.0
  },
  "Priority road": {
    "precision": 1.0,
    "recall": 1.0,
    "f1-score": 1.0,
    "support": 306.0
  },
  "Yield": {
    "precision": 1.0,
    "recall": 1.0,
    "f1-score": 1.0,
    "support": 307.0
  },
  "Stop": {
    "precision": 1.0,
    "recall": 1.0,
    "f1-score": 1.0,
    "support": 90.0
  },
  "No vehicles": {
    "precision": 1.0,
    "recall": 0.98989898989899,
    "f1-score": 0.9949238578680203,
    "support": 99.0
  },
  "Vehicles over 3.5t prohibited": {
    "precision": 1.0,
    "recall": 1.0,
    "f1-score": 1.0,
    "support": 63.0
  },
  "No entry": {
    "precision": 1.0,
    "recall": 1.0,
    "f1-score": 1.0,
    "support": 159.0
  },
  "General caution": {
    "precision": 1.0,
    "recall": 1.0,
    "f1-score": 1.0,
    "support": 176.0
  },
  "Dangerous curve left": {
    "precision": 1.0,
    "recall": 1.0,
    "f1-score": 1.0,
    "support": 35.0
  },
  "Dangerous curve right": {
    "precision": 1.0,
    "recall": 0.9818181818181818,
    "f1-score": 0.9908256880733946,
    "support": 55.0
  },
  "Double curve": {
    "precision": 0.9827586206896551,
    "recall": 0.9193548387096774,
    "f1-score": 0.95,
    "support": 62.0
  },
  "Bumpy road": {
    "precision": 1.0,
    "recall": 1.0,
    "f1-score": 1.0,
    "support": 56.0
  },
  "Slippery road": {
    "precision": 0.9726027397260274,
    "recall": 1.0,
    "f1-score": 0.9861111111111112,
    "support": 71.0
  },
  "Road narrows on the right": {
    "precision": 1.0,
    "recall": 1.0,
    "f1-score": 1.0,
    "support": 46.0
  },
  "Road work": {
    "precision": 0.9956896551724138,
    "recall": 0.9956896551724138,
    "f1-score": 0.9956896551724138,
    "support": 232.0
  },
  "Traffic signals": {
    "precision": 1.0,
    "recall": 0.9868421052631579,
    "f1-score": 0.9933774834437086,
    "support": 76.0
  },
  "Pedestrians": {
    "precision": 0.9545454545454546,
    "recall": 1.0,
    "f1-score": 0.9767441860465116,
    "support": 42.0
  },
  "Children crossing": {
    "precision": 1.0,
    "recall": 1.0,
    "f1-score": 1.0,
    "support": 79.0
  },
  "Bicycles crossing": {
    "precision": 1.0,
    "recall": 0.9761904761904762,
    "f1-score": 0.9879518072289156,
    "support": 42.0
  },
  "Beware of ice/snow": {
    "precision": 0.9736842105263158,
    "recall": 0.9866666666666667,
    "f1-score": 0.9801324503311258,
    "support": 75.0
  },
  "Wild animals crossing": {
    "precision": 0.9402985074626866,
    "recall": 1.0,
    "f1-score": 0.9692307692307692,
    "support": 126.0
  },
  "End of all speed and passing limits": {
    "precision": 1.0,
    "recall": 0.9736842105263158,
    "f1-score": 0.9866666666666667,
    "support": 38.0
  },
  "Turn right ahead": {
    "precision": 1.0,
    "recall": 1.0,
    "f1-score": 1.0,
    "support": 105.0
  },
  "Turn left ahead": {
    "precision": 1.0,
    "recall": 0.984375,
    "f1-score": 0.9921259842519685,
    "support": 64.0
  },
  "Ahead only": {
    "precision": 1.0,
    "recall": 1.0,
    "f1-score": 1.0,
    "support": 154.0
  },
  "Go straight or right": {
    "precision": 1.0,
    "recall": 1.0,
    "f1-score": 1.0,
    "support": 64.0
  },
  "Go straight or left": {
    "precision": 1.0,
    "recall": 1.0,
    "f1-score": 1.0,
    "support": 31.0
  },
  "Keep right": {
    "precision": 0.9966666666666667,
    "recall": 1.0,
    "f1-score": 0.998330550918197,
    "support": 299.0
  },
  "Keep left": {
    "precision": 1.0,
    "recall": 1.0,
    "f1-score": 1.0,
    "support": 43.0
  },
  "Roundabout mandatory": {
    "precision": 1.0,
    "recall": 0.9761904761904762,
    "f1-score": 0.9879518072289156,
    "support": 42.0
  },
  "End of no passing": {
    "precision": 0.9761904761904762,
    "recall": 1.0,
    "f1-score": 0.9879518072289156,
    "support": 41.0
  },
  "End of no passing by vehicles over 3.5t": {
    "precision": 1.0,
    "recall": 0.9666666666666667,
    "f1-score": 0.9830508474576272,
    "support": 30.0
  },
  "accuracy": 0.9945587485121578,
  "macro avg": {
    "precision": 0.9940412576605794,
    "recall": 0.9922520497088813,
    "f1-score": 0.9930492750907661,
    "support": 5881.0
  },
  "weighted avg": {
    "precision": 0.9946718540987985,
    "recall": 0.9945587485121578,
    "f1-score": 0.9945567797392684,
    "support": 5881.0
  }
}