{
  "clean": {
    "loss": 0.01601207992277344,
    "acc": 0.9945587485121578,
    "num_samples": 5881
  },
  "gaussian_noise": {
    "loss": 2.024834982150064,
    "acc": 0.609760244856317,
    "num_samples": 5881
  },
  "gaussian_blur": {
    "loss": 0.10680061434388485,
    "acc": 0.9671824519639517,
    "num_samples": 5881
  },
  "noise_std": 0.1,
  "blur_kernel_size": 5,
  "top5_acc": 0.999829960891005
}