{
  "epochs": 10,
  "train_losses": [
    2.1593644276131574,
    1.0782033504564854,
    0.7644920622594075,
    0.6071251402197628,
    0.5062584770028958,
    0.44531525266093624,
    0.3962456314271537,
    0.3661841657329623,
    0.3278457597530565,
    0.29639126866025456
  ],
  "val_losses": [
    0.9126123168439692,
    0.38822319693172935,
    0.22628633218585098,
    0.145629791824454,
    0.1051657885221818,
    0.08038589929570512,
    0.07015558413412473,
    0.05625902746513149,
    0.042689750169617166,
    0.037913610404612275
  ],
  "val_accuracies": [
    0.708723006291447,
    0.8906648529161707,
    0.9438870940316273,
    0.9634415915660602,
    0.972963781669784,
    0.9816357762285326,
    0.985036558408434,
    0.9857167148444143,
    0.9914980445502466,
    0.989967692569291
  ],
  "best_val_acc": 0.9914980445502466,
  "test_loss": 0.045054119918986335,
  "test_acc": 0.9928583574222071,
  "model_path": "models/baseline.pth",
  "loss_plot_path": "results/baseline_loss_curve.png"
}