{
  "epochs": 10,
  "train_losses": [
    2.3412278930133352,
    1.288567685132366,
    0.9318737891713496,
    0.7380237498561181,
    0.6136215042189727,
    0.532503240399792,
    0.4620587169172881,
    0.4235226706305015,
    0.4000984329158727,
    0.36263893346784415
  ],
  "val_losses": [
    1.0544566474101147,
    0.5276159281492274,
    0.2883771295841201,
    0.20169228566957764,
    0.13263776329550445,
    0.11347492203899355,
    0.0727835343800684,
    0.05770875134120038,
    0.05954353052909288,
    0.049229769642064006
  ],
  "val_accuracies": [
    0.6878081958850536,
    0.8503655840843394,
    0.9137901717395001,
    0.9544295187893216,
    0.9699030777078728,
    0.9756844074137051,
    0.9855466757354191,
    0.987757184152355,
    0.9874171059343649,
    0.98758714504336
  ],
  "best_val_acc": 0.987757184152355,
  "test_loss": 0.06206167157681757,
  "test_acc": 0.9855466757354191,
  "model_path": "models/baseline_seed-42.pth",
  "canonical_model_path": "models/baseline.pth",
  "loss_plot_path": "results/baseline_loss_curve_seed-42.png",
  "seed": 42,
  "run_name": "seed-42"
}